{
  "cp0": {
    "commands": 10,
    "daemon_cold_start_ms": 885.23441698635,
    "daemon_idle_rss_kb": 36676,
    "python_process_start_ms": {
      "exit_code": 0,
      "samples": {
        "count": 10,
        "max": 455.00637497752905,
        "min": 414.62837503058836,
        "p50": 428.128374973312,
        "p95": 440.6974170124158,
        "samples_ms": [
          414.62837503058836,
          422.57912503555417,
          423.64150000503287,
          425.43395899701864,
          426.51637498056516,
          429.7403749660589,
          435.3225420345552,
          435.41737500345334,
          440.6974170124158,
          455.00637497752905
        ]
      },
      "stderr": "",
      "stdout": ""
    },
    "runtime_bundle_sha": "f77dc78eef1fa7f9d52e46ba5c1bb749ce88ff4c90ab36536e7d692719dc2d92",
    "upload_time_ms": 4092.846166982781,
    "warm_heartbeat_ms": {
      "count": 10,
      "max": 3.8579999818466604,
      "min": 0.8416249766014516,
      "p50": 1.1026874708477408,
      "p95": 1.9927499815821648,
      "samples_ms": [
        0.8416249766014516,
        0.9089999948628247,
        1.0092079755850136,
        1.0179999517276883,
        1.0693749645724893,
        1.1359999771229923,
        1.1802079970948398,
        1.600208051968366,
        1.9927499815821648,
        3.8579999818466604
      ]
    }
  },
  "cp1": {
    "gate_pass": true,
    "payload_mib": [
      1.5,
      3.0
    ],
    "put_archive_size_ratio": 1.8653387835286221,
    "put_archive_size_ratio_limit": 2.5,
    "samples": [
      {
        "base64_chunks": 64,
        "base64_exec_ms": 23003.216582990717,
        "base64_sha256": "4a119adb52563ed07c0a1d005827d1ecbfaebf45e67b411df93765f6f535c546",
        "expected_sha256": "4a119adb52563ed07c0a1d005827d1ecbfaebf45e67b411df93765f6f535c546",
        "hashes_match": true,
        "put_archive_ms": 17.260291962884367,
        "put_archive_no_slower_than_base64": true,
        "put_archive_sha256": "4a119adb52563ed07c0a1d005827d1ecbfaebf45e67b411df93765f6f535c546",
        "size_bytes": 1572864
      },
      {
        "base64_chunks": 128,
        "base64_exec_ms": 45602.536665974185,
        "base64_sha256": "cc5850e3955c9704fc9519cec6eac9b79c73b906922d7c3206b52102f0f15de5",
        "expected_sha256": "cc5850e3955c9704fc9519cec6eac9b79c73b906922d7c3206b52102f0f15de5",
        "hashes_match": true,
        "put_archive_ms": 32.19629201339558,
        "put_archive_no_slower_than_base64": true,
        "put_archive_sha256": "cc5850e3955c9704fc9519cec6eac9b79c73b906922d7c3206b52102f0f15de5",
        "size_bytes": 3145728
      }
    ]
  },
  "created_container": true,
  "environment": {
    "architecture": {
      "exit_code": 0,
      "stderr": "",
      "stdout": "x86_64"
    },
    "cargo": {
      "exit_code": 0,
      "stderr": "",
      "stdout": "missing"
    },
    "kernel": {
      "exit_code": 0,
      "stderr": "",
      "stdout": "6.10.14-linuxkit"
    },
    "max_user_namespaces": {
      "exit_code": 0,
      "stderr": "",
      "stdout": "15655"
    },
    "os_release": {
      "exit_code": 0,
      "stderr": "",
      "stdout": "PRETTY_NAME=\"Ubuntu 22.04.4 LTS\"\nNAME=\"Ubuntu\"\nVERSION_ID=\"22.04\"\nVERSION=\"22.04.4 LTS (Jammy Jellyfish)\"\nVERSION_CODENAME=jammy\nID=ubuntu\nID_LIKE=debian\nHOME_URL=\"https://www.ubuntu.com/\"\nSUPPORT_URL=\"https://help.ubuntu.com/\"\nBUG_REPORT_URL=\"https://bugs.launchpad.net/ubuntu/\"\nPRIVACY_POLICY_URL=\"https://www.ubuntu.com/legal/terms-and-policies/privacy-policy\"\nUBUNTU_CODENAME=jammy"
    },
    "overlay_filesystem": {
      "exit_code": 0,
      "stderr": "",
      "stdout": "nodev\toverlay"
    },
    "overlay_in_userns_probe": {
      "exit_code": 0,
      "samples": {
        "count": 3,
        "max": 454.25195898860693,
        "min": 448.9889999968,
        "p50": 449.8724580043927,
        "p95": 449.8724580043927,
        "samples_ms": [
          448.9889999968,
          449.8724580043927,
          454.25195898860693
        ]
      },
      "stderr": "",
      "stdout": "",
      "success": true
    },
    "python": {
      "exit_code": 0,
      "stderr": "",
      "stdout": "Python 3.10.14"
    },
    "rustc": {
      "exit_code": 0,
      "stderr": "",
      "stdout": "missing"
    },
    "scratch_mount": {
      "exit_code": 0,
      "stderr": "",
      "stdout": "tmpfs  rw,nosuid,nodev,noexec,relatime,size=2097152k"
    },
    "userns_clone": {
      "exit_code": 0,
      "stderr": "",
      "stdout": ""
    }
  },
  "host": {
    "platform": "macOS-26.4.1-arm64-arm-64bit",
    "python": "3.12.6"
  },
  "mode": "docker-phase0",
  "run_id": "local-8e28a23a2484",
  "sandbox_id": "f9f6f241bee51dbd3e8dae6a8ccb3eece393f21941656191d71a0463da74b12d",
  "scaffold": false
}